{"cameraMode":{"drawMode":0,"name":"Shaded","section":"Shading Mode"},"sceneLighting":false,"audioPlay":false,"sceneViewState":{"m_AlwaysRefresh":false,"showFog":true,"showSkybox":false,"showFlares":true,"showImageEffects":true,"showParticleSystems":true,"showVisualEffectGraphs":true,"m_FxEnabled":true},"in2DMode":false,"pivot":{"x":-0.3099999725818634,"y":3.309999942779541,"z":-0.1900000274181366},"rotation":{"x":-0.3132895231246948,"y":-0.038756415247917178,"z":0.012976519763469696,"w":-0.9488992094993591},"size":2.846207857131958,"orthographic":false}