{"cameraMode":{"drawMode":0,"name":"Shaded","section":"Shading Mode"},"sceneLighting":false,"audioPlay":false,"sceneViewState":{"m_AlwaysRefresh":false,"showFog":true,"showSkybox":false,"showFlares":true,"showImageEffects":true,"showParticleSystems":true,"showVisualEffectGraphs":true,"m_FxEnabled":true},"in2DMode":false,"pivot":{"x":-0.09059516340494156,"y":-2.7810730934143068,"z":-8.749992370605469},"rotation":{"x":-0.012444884516298771,"y":0.9810653924942017,"z":-0.17098933458328248,"w":-0.10704636573791504},"size":17.68474006652832,"orthographic":false}