{"cameraMode":{"drawMode":0,"name":"Shaded","section":"Shading Mode"},"sceneLighting":false,"audioPlay":false,"sceneViewState":{"m_AlwaysRefresh":false,"showFog":true,"showSkybox":false,"showFlares":true,"showImageEffects":true,"showParticleSystems":true,"showVisualEffectGraphs":true,"m_FxEnabled":true},"in2DMode":false,"pivot":{"x":-0.446658730506897,"y":-0.16500020027160645,"z":2.9282069206237795},"rotation":{"x":-0.2660808861255646,"y":-0.30271679162979128,"z":0.08244066685438156,"w":-0.9128005504608154},"size":1.1250004768371583,"orthographic":false}