{"cameraMode":{"drawMode":0,"name":"Shaded","section":"Shading Mode"},"sceneLighting":false,"audioPlay":false,"sceneViewState":{"m_AlwaysRefresh":false,"showFog":true,"showSkybox":false,"showFlares":true,"showImageEffects":true,"showParticleSystems":true,"showVisualEffectGraphs":true,"m_FxEnabled":true},"in2DMode":false,"pivot":{"x":-0.06062513589859009,"y":3.376688241958618,"z":-0.02889728546142578},"rotation":{"x":-0.24503621459007264,"y":-0.22049257159233094,"z":0.057487308979034427,"w":-0.9424569606781006},"size":3.1461000442504885,"orthographic":false}