{"cameraMode":{"drawMode":0,"name":"Shaded","section":"Shading Mode"},"sceneLighting":false,"audioPlay":false,"sceneViewState":{"m_AlwaysRefresh":false,"showFog":true,"showSkybox":false,"showFlares":true,"showImageEffects":true,"showParticleSystems":true,"showVisualEffectGraphs":true,"m_FxEnabled":true},"in2DMode":false,"pivot":{"x":-0.31000009179115298,"y":2.929999828338623,"z":-0.19000005722045899},"rotation":{"x":-0.07001811265945435,"y":-0.8721928596496582,"z":0.13144026696681977,"w":-0.46703779697418215},"size":2.783540725708008,"orthographic":false}