{"cameraMode":{"drawMode":0,"name":"Shaded","section":"Shading Mode"},"sceneLighting":true,"audioPlay":false,"sceneViewState":{"m_AlwaysRefresh":false,"showFog":true,"showSkybox":true,"showFlares":true,"showImageEffects":true,"showParticleSystems":true,"showVisualEffectGraphs":true,"m_FxEnabled":true},"in2DMode":false,"pivot":{"x":-13.244440078735352,"y":-53.66594314575195,"z":14.101417541503907},"rotation":{"x":-0.5343294739723206,"y":0.11310984939336777,"z":-0.07228178530931473,"w":-0.8347044587135315},"size":40.608360290527347,"orthographic":false}