{"cameraMode":{"drawMode":0,"name":"Shaded","section":"Shading Mode"},"sceneLighting":true,"audioPlay":false,"sceneViewState":{"m_AlwaysRefresh":false,"showFog":true,"showSkybox":true,"showFlares":true,"showImageEffects":true,"showParticleSystems":true,"showVisualEffectGraphs":true,"m_FxEnabled":true},"in2DMode":false,"pivot":{"x":4.493254661560059,"y":2.8184475898742677,"z":2.325632095336914},"rotation":{"x":0.0770609900355339,"y":0.010660332627594471,"z":-0.002725091762840748,"w":0.998896062374115},"size":12.12435531616211,"orthographic":false}