{"cameraMode":{"drawMode":0,"name":"Shaded","section":"Shading Mode"},"sceneLighting":false,"audioPlay":false,"sceneViewState":{"m_AlwaysRefresh":false,"showFog":true,"showSkybox":false,"showFlares":true,"showImageEffects":true,"showParticleSystems":true,"showVisualEffectGraphs":true,"m_FxEnabled":true},"in2DMode":false,"pivot":{"x":-0.45346999168395998,"y":2.1142959594726564,"z":-2.076469659805298},"rotation":{"x":-0.35819071531295779,"y":-0.052067361772060397,"z":0.020171381533145906,"w":-0.932080090045929},"size":0.12509997189044953,"orthographic":false}