{"cameraMode":{"drawMode":0,"name":"Shaded","section":"Shading Mode"},"sceneLighting":false,"audioPlay":false,"sceneViewState":{"m_AlwaysRefresh":false,"showFog":true,"showSkybox":false,"showFlares":true,"showImageEffects":true,"showParticleSystems":true,"showVisualEffectGraphs":true,"m_FxEnabled":true},"in2DMode":false,"pivot":{"x":0.5561456680297852,"y":3.7963409423828127,"z":-0.21296167373657227},"rotation":{"x":-0.1704431027173996,"y":-0.264287531375885,"z":0.047658707946538928,"w":-0.9481670260429382},"size":4.1804118156433109,"orthographic":false}