{"cameraMode":{"drawMode":0,"name":"Shaded","section":"Shading Mode"},"sceneLighting":false,"audioPlay":false,"sceneViewState":{"m_AlwaysRefresh":false,"showFog":true,"showSkybox":false,"showFlares":true,"showImageEffects":true,"showParticleSystems":true,"showVisualEffectGraphs":true,"m_FxEnabled":true},"in2DMode":false,"pivot":{"x":-0.8040782809257507,"y":3.4411568641662599,"z":2.23020076751709},"rotation":{"x":-0.18581333756446839,"y":-0.013591029681265355,"z":0.0027327502612024547,"w":-0.982589840888977},"size":4.1804118156433109,"orthographic":false}